{
    "name": "root",
    "gauges": {
        "Planner.Policy.Entropy.mean": {
            "value": 0.010948325507342815,
            "min": 0.010948325507342815,
            "max": 1.4189382791519165,
            "count": 47
        },
        "Planner.Policy.Entropy.sum": {
            "value": 109.3080825805664,
            "min": 109.3080825805664,
            "max": 14197.896484375,
            "count": 47
        },
        "Planner.Environment.LessonNumber.time.mean": {
            "value": 0.0,
            "min": 0.0,
            "max": 0.0,
            "count": 47
        },
        "Planner.Environment.LessonNumber.time.sum": {
            "value": 0.0,
            "min": 0.0,
            "max": 0.0,
            "count": 47
        },
        "Planner.Step.mean": {
            "value": 469937.0,
            "min": 9942.0,
            "max": 469937.0,
            "count": 47
        },
        "Planner.Step.sum": {
            "value": 469937.0,
            "min": 9942.0,
            "max": 469937.0,
            "count": 47
        },
        "Planner.Policy.ExtrinsicValueEstimate.mean": {
            "value": -0.02827446348965168,
            "min": -0.02827446348965168,
            "max": 7.848435401916504,
            "count": 47
        },
        "Planner.Policy.ExtrinsicValueEstimate.sum": {
            "value": -4.439090728759766,
            "min": -4.439090728759766,
            "max": 1389.173095703125,
            "count": 47
        },
        "Planner.Environment.EpisodeLength.mean": {
            "value": 2799.0,
            "min": 260.63157894736844,
            "max": 2799.6666666666665,
            "count": 47
        },
        "Planner.Environment.EpisodeLength.sum": {
            "value": 11196.0,
            "min": 8385.0,
            "max": 12197.0,
            "count": 47
        },
        "Planner.Environment.CumulativeReward.mean": {
            "value": -0.9134998965892009,
            "min": -1.0497499077464454,
            "max": 1.0478333475378652,
            "count": 47
        },
        "Planner.Environment.CumulativeReward.sum": {
            "value": -3.6539995863568038,
            "min": -37.824000058695674,
            "max": 3.1435000426135957,
            "count": 47
        },
        "Planner.Policy.ExtrinsicReward.mean": {
            "value": -0.9134998965892009,
            "min": -1.0497499077464454,
            "max": 1.0478333475378652,
            "count": 47
        },
        "Planner.Policy.ExtrinsicReward.sum": {
            "value": -3.6539995863568038,
            "min": -37.824000058695674,
            "max": 3.1435000426135957,
            "count": 47
        },
        "Planner.IsTraining.mean": {
            "value": 1.0,
            "min": 1.0,
            "max": 1.0,
            "count": 47
        },
        "Planner.IsTraining.sum": {
            "value": 1.0,
            "min": 1.0,
            "max": 1.0,
            "count": 47
        },
        "Planner.Losses.PolicyLoss.mean": {
            "value": 0.02085491531373312,
            "min": 0.015401071284820015,
            "max": 0.032196282401370506,
            "count": 45
        },
        "Planner.Losses.PolicyLoss.sum": {
            "value": 0.02085491531373312,
            "min": 0.015401071284820015,
            "max": 0.032196282401370506,
            "count": 45
        },
        "Planner.Losses.ValueLoss.mean": {
            "value": 0.0003963082272093743,
            "min": 0.0003963082272093743,
            "max": 14.482426285743713,
            "count": 45
        },
        "Planner.Losses.ValueLoss.sum": {
            "value": 0.0003963082272093743,
            "min": 0.0003963082272093743,
            "max": 14.482426285743713,
            "count": 45
        },
        "Planner.Policy.LearningRate.mean": {
            "value": 0.00044218788656242485,
            "min": 0.00044218788656242485,
            "max": 0.000498718125256375,
            "count": 45
        },
        "Planner.Policy.LearningRate.sum": {
            "value": 0.00044218788656242485,
            "min": 0.00044218788656242485,
            "max": 0.000498718125256375,
            "count": 45
        },
        "Planner.Policy.Epsilon.mean": {
            "value": 0.23265636250000005,
            "min": 0.23265636250000005,
            "max": 0.24961543750000004,
            "count": 45
        },
        "Planner.Policy.Epsilon.sum": {
            "value": 0.23265636250000005,
            "min": 0.23265636250000005,
            "max": 0.24961543750000004,
            "count": 45
        },
        "Planner.Policy.Beta.mean": {
            "value": 0.0004433441174999999,
            "min": 0.0004433441174999999,
            "max": 0.0004987437625,
            "count": 45
        },
        "Planner.Policy.Beta.sum": {
            "value": 0.0004433441174999999,
            "min": 0.0004433441174999999,
            "max": 0.0004987437625,
            "count": 45
        },
        "Planner.Losses.PretrainingLoss.mean": {
            "value": 0.09686707368948394,
            "min": 0.09686707368948394,
            "max": 1.0370462093916204,
            "count": 45
        },
        "Planner.Losses.PretrainingLoss.sum": {
            "value": 0.09686707368948394,
            "min": 0.09686707368948394,
            "max": 1.0370462093916204,
            "count": 45
        }
    },
    "metadata": {
        "timer_format_version": "0.1.0",
        "start_time_seconds": "1658415266",
        "python_version": "3.9.13 (tags/v3.9.13:6de2ca5, May 17 2022, 16:36:42) [MSC v.1929 64 bit (AMD64)]",
        "command_line_arguments": "C:\\Users\\ATLASM2\\Desktop\\ChiaraFiles\\Chiara Cath\\venv\\Scripts\\mlagents-learn --run-id=curr_time_21_07 config\\curr_time\\AgentSoftEnv.yaml",
        "mlagents_version": "0.29.0",
        "mlagents_envs_version": "0.29.0",
        "communication_protocol_version": "1.5.0",
        "pytorch_version": "1.12.0+cpu",
        "numpy_version": "1.21.2",
        "end_time_seconds": "1658418574"
    },
    "total": 3308.0621361,
    "count": 1,
    "self": 0.008180799999536248,
    "children": {
        "run_training.setup": {
            "total": 0.16549290000000028,
            "count": 1,
            "self": 0.16549290000000028
        },
        "TrainerController.start_learning": {
            "total": 3307.8884624,
            "count": 1,
            "self": 26.314621399917087,
            "children": {
                "TrainerController._reset_env": {
                    "total": 23.0180461,
                    "count": 1,
                    "self": 3.6380488,
                    "children": {
                        "demo_to_buffer": {
                            "total": 19.3799973,
                            "count": 1,
                            "self": 0.00032199999999704687,
                            "children": {
                                "load_demonstration": {
                                    "total": 0.38506719999999994,
                                    "count": 1,
                                    "self": 0.3624419999999997,
                                    "children": {
                                        "read_file": {
                                            "total": 0.022625200000000234,
                                            "count": 4,
                                            "self": 0.022625200000000234
                                        }
                                    }
                                },
                                "make_demo_buffer": {
                                    "total": 18.9946081,
                                    "count": 1,
                                    "self": 2.4984825999994946,
                                    "children": {
                                        "steps_from_proto": {
                                            "total": 16.496125500000506,