{
    "name": "root",
    "gauges": {
        "Planner.Policy.Entropy.mean": {
            "value": 0.488679975271225,
            "min": 0.488679975271225,
            "max": 1.2308826446533203,
            "count": 3
        },
        "Planner.Policy.Entropy.sum": {
            "value": 24447.681640625,
            "min": 24447.681640625,
            "max": 61608.13671875,
            "count": 3
        },
        "Planner.Environment.LessonNumber.pos.mean": {
            "value": 0.0,
            "min": 0.0,
            "max": 0.0,
            "count": 3
        },
        "Planner.Environment.LessonNumber.pos.sum": {
            "value": 0.0,
            "min": 0.0,
            "max": 0.0,
            "count": 3
        },
        "Planner.Step.mean": {
            "value": 149999.0,
            "min": 49977.0,
            "max": 149999.0,
            "count": 3
        },
        "Planner.Step.sum": {
            "value": 149999.0,
            "min": 49977.0,
            "max": 149999.0,
            "count": 3
        },
        "Planner.Policy.ExtrinsicValueEstimate.mean": {
            "value": -0.8172610402107239,
            "min": -0.8172610402107239,
            "max": 1.275840401649475,
            "count": 3
        },
        "Planner.Policy.ExtrinsicValueEstimate.sum": {
            "value": -647.270751953125,
            "min": -647.270751953125,
            "max": 1064.0509033203125,
            "count": 3
        },
        "Planner.Policy.GailValueEstimate.mean": {
            "value": 51.3558349609375,
            "min": 51.3558349609375,
            "max": 58.63447570800781,
            "count": 3
        },
        "Planner.Policy.GailValueEstimate.sum": {
            "value": 40673.8203125,
            "min": 40673.8203125,
            "max": 48476.2578125,
            "count": 3
        },
        "Planner.Environment.EpisodeLength.mean": {
            "value": 2335.5714285714284,
            "min": 490.68367346938777,
            "max": 2335.5714285714284,
            "count": 3
        },
        "Planner.Environment.EpisodeLength.sum": {
            "value": 49047.0,
            "min": 48087.0,
            "max": 51057.0,
            "count": 3
        },
        "Planner.Environment.CumulativeReward.mean": {
            "value": -0.5276985664718917,
            "min": -0.9271274367832918,
            "max": -0.5276985664718917,
            "count": 3
        },
        "Planner.Environment.CumulativeReward.sum": {
            "value": -11.081669895909727,
            "min": -90.8584888047626,
            "max": -11.081669895909727,
            "count": 3
        },
        "Planner.Policy.ExtrinsicReward.mean": {
            "value": -0.15830958051983976,
            "min": -0.2781382460092276,
            "max": -0.15830958051983976,
            "count": 3
        },
        "Planner.Policy.ExtrinsicReward.sum": {
            "value": -3.324501190916635,
            "min": -27.257548108904302,
            "max": -3.324501190916635,
            "count": 3
        },
        "Planner.Policy.GailReward.mean": {
            "value": 1116.0307796171733,
            "min": 710.3912878261536,
            "max": 1116.0307796171733,
            "count": 3
        },
        "Planner.Policy.GailReward.sum": {
            "value": 23436.64637196064,
            "min": 23089.802679419518,
            "max": 69618.34620696306,
            "count": 3
        },
        "Planner.Losses.PolicyLoss.mean": {
            "value": 0.023447701570694333,
            "min": 0.022668574043394375,
            "max": 0.03182154973461972,
            "count": 3
        },
        "Planner.Losses.PolicyLoss.sum": {
            "value": 0.11723850785347167,
            "min": 0.11334287021697188,
            "max": 0.12728619893847887,
            "count": 3
        },
        "Planner.Losses.ValueLoss.mean": {
            "value": 4.808735452493032,
            "min": 4.808735452493032,
            "max": 105.26454237302144,
            "count": 3
        },
        "Planner.Losses.ValueLoss.sum": {
            "value": 24.04367726246516,
            "min": 24.04367726246516,
            "max": 421.05816949208577,
            "count": 3
        },
        "Planner.Policy.LearningRate.mean": {
            "value": 0.0004922963140407376,
            "min": 0.0004922963140407376,
            "max": 0.0004983930003214,
            "count": 3
        },
        "Planner.Policy.LearningRate.sum": {
            "value": 0.002461481570203688,
            "min": 0.0019935720012856,
            "max": 0.0024775281919943624,
            "count": 3
        },
        "Planner.Policy.Epsilon.mean": {
            "value": 0.24768889375,
            "min": 0.24768889375,
            "max": 0.24951789999999996,
            "count": 3
        },
        "Planner.Policy.Epsilon.sum": {
            "value": 1.23844446875,
            "min": 0.9980715999999998,
            "max": 1.24325845625,
            "count": 3
        },
        "Planner.Policy.Beta.mean": {
            "value": 0.0004924503862499998,
            "min": 0.0004924503862499998,
            "max": 0.0004984251400000001,
            "count": 3
        },
        "Planner.Policy.Beta.sum": {
            "value": 0.0024622519312499994,
            "min": 0.0019937005600000005,
            "max": 0.0024779776237499997,
            "count": 3
        },
        "Planner.Policy.GAILPolicyEstimate.mean": {
            "value": 0.46117241362730665,
            "min": 0.46117241362730665,
            "max": 0.47515181104342147,
            "count": 3
        },
        "Planner.Policy.GAILPolicyEstimate.sum": {
            "value": 2.305862068136533,
            "min": 1.8485398430377247,
            "max": 2.3757590552171073,
            "count": 3
        },
        "Planner.Policy.GAILExpertEstimate.mean": {
            "value": 0.5259558240572612,
            "min": 0.5095510548353195,
            "max": 0.5433955432226261,
            "count": 3
        },
        "Planner.Policy.GAILExpertEstimate.sum": {
            "value": 2.629779120286306,
            "min": 2.1735821728905043,
            "max": 2.629779120286306,
            "count": 3
        },
        "Planner.Losses.GAILLoss.mean": {
            "value": 1.2829802854855856,
            "min": 1.2829802854855856,
            "max": 1.468557702501615,
            "count": 3
        },
        "Planner.Losses.GAILLoss.sum": {
            "value": 6.414901427427928,
            "min": 5.87423081000646,
            "max": 6.685921013355256,
            "count": 3
        },
        "Planner.Policy.GAILGradMagLoss.mean": {
            "value": 0.6825382520258427,
            "min": 0.6825382520258427,
            "max": 9.157738137245179,
            "count": 3
        },
        "Planner.Policy.GAILGradMagLoss.sum": {
            "value": 3.4126912601292134,
            "min": 3.4126912601292134,
            "max": 36.630952548980716,
            "count": 3
        },
        "Planner.Losses.PretrainingLoss.mean": {
            "value": 0.22588171380567768,
            "min": 0.22588171380567768,
            "max": 0.7678637256224949,
            "count": 3
        },
        "Planner.Losses.PretrainingLoss.sum": {
            "value": 1.1294085690283884,
            "min": 1.1294085690283884,
            "max": 3.0714549024899798,
            "count": 3
        },
        "Planner.IsTraining.mean": {
            "value": 1.0,
            "min": 1.0,
            "max": 1.0,
            "count": 3
        },
        "Planner.IsTraining.sum": {
            "value": 1.0,
            "min": 1.0,
            "max": 1.0,
            "count": 3
        }
    },
    "metadata": {
        "timer_format_version": "0.1.0",
        "start_time_seconds": "1662724702",
        "python_version": "3.9.13 (tags/v3.9.13:6de2ca5, May 17 2022, 16:36:42) [MSC v.1929 64 bit (AMD64)]",