{
    "name": "root",
    "gauges": {
        "Planner.Policy.Entropy.mean": {
            "value": -0.9061530232429504,
            "min": -0.9061530232429504,
            "max": 1.2235240936279297,
            "count": 9
        },
        "Planner.Policy.Entropy.sum": {
            "value": -45293.15234375,
            "min": -45293.15234375,
            "max": 61298.55859375,
            "count": 9
        },
        "Planner.Environment.LessonNumber.pos.mean": {
            "value": 0.0,
            "min": 0.0,
            "max": 0.0,
            "count": 9
        },
        "Planner.Environment.LessonNumber.pos.sum": {
            "value": 0.0,
            "min": 0.0,
            "max": 0.0,
            "count": 9
        },
        "Planner.Step.mean": {
            "value": 449982.0,
            "min": 49991.0,
            "max": 449982.0,
            "count": 9
        },
        "Planner.Step.sum": {
            "value": 449982.0,
            "min": 49991.0,
            "max": 449982.0,
            "count": 9
        },
        "Planner.Policy.ExtrinsicValueEstimate.mean": {
            "value": 5.143786430358887,
            "min": 0.48240673542022705,
            "max": 28.160261154174805,
            "count": 9
        },
        "Planner.Policy.ExtrinsicValueEstimate.sum": {
            "value": 4017.29736328125,
            "min": 380.1365051269531,
            "max": 23992.54296875,
            "count": 9
        },
        "Planner.Policy.GailValueEstimate.mean": {
            "value": 18.451963424682617,
            "min": 18.451963424682617,
            "max": 31.93976402282715,
            "count": 9
        },
        "Planner.Policy.GailValueEstimate.sum": {
            "value": 14410.9833984375,
            "min": 14410.9833984375,
            "max": 27212.6796875,
            "count": 9
        },
        "Planner.Environment.EpisodeLength.mean": {
            "value": 3997.230769230769,
            "min": 380.5923076923077,
            "max": 3997.230769230769,
            "count": 7
        },
        "Planner.Environment.EpisodeLength.sum": {
            "value": 51964.0,
            "min": 47720.0,
            "max": 51964.0,
            "count": 7
        },
        "Planner.Environment.CumulativeReward.mean": {
            "value": 0.05781924535627835,
            "min": -0.9413254588815527,
            "max": 0.05781924535627835,
            "count": 7
        },
        "Planner.Environment.CumulativeReward.sum": {
            "value": 0.7516501896316186,
            "min": -122.37230965460185,
            "max": 0.7516501896316186,
            "count": 7
        },
        "Planner.Policy.ExtrinsicReward.mean": {
            "value": 0.05781924535627835,
            "min": -0.9413254588815527,
            "max": 0.05781924535627835,
            "count": 7
        },
        "Planner.Policy.ExtrinsicReward.sum": {
            "value": 0.7516501896316186,
            "min": -122.37230965460185,
            "max": 0.7516501896316186,
            "count": 7
        },
        "Planner.Policy.GailReward.mean": {
            "value": 630.6610420506734,
            "min": 244.08399673092825,
            "max": 818.7899093117032,
            "count": 7
        },
        "Planner.Policy.GailReward.sum": {
            "value": 8198.593546658754,
            "min": 8198.593546658754,
            "max": 31730.91957502067,
            "count": 7
        },
        "Planner.Losses.PolicyLoss.mean": {
            "value": 0.2914360180636868,
            "min": 0.020350682889887443,
            "max": 0.2914360180636868,
            "count": 9
        },
        "Planner.Losses.PolicyLoss.sum": {
            "value": 1.457180090318434,
            "min": 0.10175341444943721,
            "max": 1.457180090318434,
            "count": 9
        },
        "Planner.Losses.ValueLoss.mean": {
            "value": 0.9399690468112627,
            "min": 0.5275932115813097,
            "max": 35.95864387949308,
            "count": 9
        },
        "Planner.Losses.ValueLoss.sum": {
            "value": 4.699845234056314,
            "min": 2.6379660579065485,
            "max": 143.83457551797233,
            "count": 9
        },
        "Planner.Policy.LearningRate.mean": {
            "value": 0.00047366013026797494,
            "min": 0.00047366013026797494,
            "max": 0.0004983924846965033,
            "count": 9
        },
        "Planner.Policy.LearningRate.sum": {
            "value": 0.0023683006513398747,
            "min": 0.0019062325187534997,
            "max": 0.0024775163794967248,
            "count": 9
        },
        "Planner.Policy.Epsilon.mean": {
            "value": 0.24209803749999997,
            "min": 0.24209803749999997,
            "max": 0.24951774531250004,
            "count": 9
        },
        "Planner.Policy.Epsilon.sum": {
            "value": 1.2104901874999998,
            "min": 0.97186975,
            "max": 1.2432549125,
            "count": 9
        },
        "Planner.Policy.Beta.mean": {
            "value": 0.0004741869225,
            "min": 0.0004741869225,
            "max": 0.0004984246346875,
            "count": 9
        },
        "Planner.Policy.Beta.sum": {
            "value": 0.0023709346125,
            "min": 0.00190810785,
            "max": 0.0024779660475,
            "count": 9
        },
        "Planner.Policy.GAILPolicyEstimate.mean": {
            "value": 0.15562876789054522,
            "min": 0.15562876789054522,
            "max": 0.45752916475137073,
            "count": 9
        },
        "Planner.Policy.GAILPolicyEstimate.sum": {
            "value": 0.7781438394527261,
            "min": 0.7781438394527261,
            "max": 2.2876458237568538,
            "count": 9
        },
        "Planner.Policy.GAILExpertEstimate.mean": {
            "value": 0.8910379036267597,
            "min": 0.5223251783847809,
            "max": 0.8910379036267597,
            "count": 9
        },
        "Planner.Policy.GAILExpertEstimate.sum": {
            "value": 4.455189518133799,
            "min": 2.2728942794104414,
            "max": 4.455189518133799,
            "count": 9
        },
        "Planner.Losses.GAILLoss.mean": {
            "value": 0.30778415416677796,
            "min": 0.30778415416677796,
            "max": 1.4100624625881513,
            "count": 9
        },
        "Planner.Losses.GAILLoss.sum": {
            "value": 1.5389207708338897,
            "min": 1.5389207708338897,
            "max": 6.419471168518067,
            "count": 9
        },
        "Planner.Policy.GAILGradMagLoss.mean": {
            "value": 1.423288162946701,
            "min": 0.0499053002273043,
            "max": 9.111047999064128,
            "count": 9
        },
        "Planner.Policy.GAILGradMagLoss.sum": {
            "value": 7.1164408147335045,
            "min": 0.2495265011365215,
            "max": 36.444191996256514,
            "count": 9
        },
        "Planner.Losses.PretrainingLoss.mean": {
            "value": 0.0972439206054068,
            "min": 0.08727528082891407,
            "max": 0.8290565290894265,
            "count": 9
        },
        "Planner.Losses.PretrainingLoss.sum": {
            "value": 0.48621960302703404,
            "min": 0.35582228027220464,
            "max": 3.316226116357706,
            "count": 9
        },
        "Planner.IsTraining.mean": {
            "value": 1.0,
            "min": 1.0,
            "max": 1.0,
            "count": 9
        },
        "Planner.IsTraining.sum": {
            "value": 1.0,
            "min": 1.0,
            "max": 1.0,
            "count": 9
        }
    },
    "metadata": {
        "timer_format_version": "0.1.0",
        "start_time_seconds": "1662043846",
        "python_version": "3.9.13 (tags/v3.9.13:6de2ca5, May 17 2022, 16:36:42) [MSC v.1929 64 bit (AMD64)]",