{
    "name": "root",
    "gauges": {
        "Planner.Policy.Entropy.mean": {
            "value": -5.277513027191162,
            "min": -5.277513027191162,
            "max": 1.2048755884170532,
            "count": 40
        },
        "Planner.Policy.Entropy.sum": {
            "value": -263680.375,
            "min": -263680.375,
            "max": 60270.28515625,
            "count": 40
        },
        "Planner.Environment.LessonNumber.pos.mean": {
            "value": 0.0,
            "min": 0.0,
            "max": 0.0,
            "count": 40
        },
        "Planner.Environment.LessonNumber.pos.sum": {
            "value": 0.0,
            "min": 0.0,
            "max": 0.0,
            "count": 40
        },
        "Planner.Step.mean": {
            "value": 1999957.0,
            "min": 49958.0,
            "max": 1999957.0,
            "count": 40
        },
        "Planner.Step.sum": {
            "value": 1999957.0,
            "min": 49958.0,
            "max": 1999957.0,
            "count": 40
        },
        "Planner.Policy.ExtrinsicValueEstimate.mean": {
            "value": -0.023860197514295578,
            "min": -0.15711788833141327,
            "max": 3.9632344245910645,
            "count": 40
        },
        "Planner.Policy.ExtrinsicValueEstimate.sum": {
            "value": -18.70639419555664,
            "min": -123.65177917480469,
            "max": 3186.4404296875,
            "count": 40
        },
        "Planner.Policy.GailValueEstimate.mean": {
            "value": 50.73033905029297,
            "min": 22.289257049560547,
            "max": 54.595863342285156,
            "count": 40
        },
        "Planner.Policy.GailValueEstimate.sum": {
            "value": 39772.5859375,
            "min": 17920.5625,
            "max": 43021.5390625,
            "count": 40
        },
        "Planner.Environment.EpisodeLength.mean": {
            "value": 4924.9,
            "min": 1142.953488372093,
            "max": 6776.857142857143,
            "count": 40
        },
        "Planner.Environment.EpisodeLength.sum": {
            "value": 49249.0,
            "min": 45368.0,
            "max": 55360.0,
            "count": 40
        },
        "Planner.Environment.CumulativeReward.mean": {
            "value": -0.44924098199699075,
            "min": -1.058522502105916,
            "max": 0.2803288897913363,
            "count": 40
        },
        "Planner.Environment.CumulativeReward.sum": {
            "value": -4.492409819969907,
            "min": -43.4188004359894,
            "max": 2.522960008122027,
            "count": 40
        },
        "Planner.Policy.ExtrinsicReward.mean": {
            "value": -0.08984819960169262,
            "min": -0.21170450067256752,
            "max": 0.05606577937982769,
            "count": 40
        },
        "Planner.Policy.ExtrinsicReward.sum": {
            "value": -0.8984819960169261,
            "min": -8.68376009410349,
            "max": 0.5045920144184493,
            "count": 40
        },
        "Planner.Policy.GailReward.mean": {
            "value": 2753.888132426143,
            "min": 757.228578828102,
            "max": 3681.176554924912,
            "count": 40
        },
        "Planner.Policy.GailReward.sum": {
            "value": 27538.881324261427,
            "min": 18310.02513408661,
            "max": 33394.91764807701,
            "count": 40
        },
        "Planner.Losses.PolicyLoss.mean": {
            "value": 0.10569507164337362,
            "min": 0.023354103691963245,
            "max": 0.2917646716721356,
            "count": 40
        },
        "Planner.Losses.PolicyLoss.sum": {
            "value": 0.5284753582168681,
            "min": 0.09341641476785298,
            "max": 1.458823358360678,
            "count": 40
        },
        "Planner.Losses.ValueLoss.mean": {
            "value": 9.156839150587718,
            "min": 2.292414178450902,
            "max": 17.084045124053954,
            "count": 40
        },
        "Planner.Losses.ValueLoss.sum": {
            "value": 45.78419575293859,
            "min": 11.462070892254511,
            "max": 68.33618049621582,
            "count": 40
        },
        "Planner.Policy.LearningRate.mean": {
            "value": 6.837698632479997e-06,
            "min": 6.837698632479997e-06,
            "max": 0.0004935847512830499,
            "count": 40
        },
        "Planner.Policy.LearningRate.sum": {
            "value": 3.418849316239999e-05,
            "min": 3.418849316239999e-05,
            "max": 0.0024101240179751995,
            "count": 40
        },
        "Planner.Policy.Epsilon.mean": {
            "value": 0.10205128000000001,
            "min": 0.10205128000000001,
            "max": 0.24807542500000002,
            "count": 40
        },
        "Planner.Policy.Epsilon.sum": {
            "value": 0.5102564,
            "min": 0.437501425,
            "max": 1.2230372,
            "count": 40
        },
        "Planner.Policy.Beta.mean": {
            "value": 1.6700848000000002e-05,
            "min": 1.6700848000000002e-05,
            "max": 0.000493713055,
            "count": 40
        },
        "Planner.Policy.Beta.sum": {
            "value": 8.350424000000001e-05,
            "min": 8.350424000000001e-05,
            "max": 0.0024119215199999997,
            "count": 40
        },
        "Planner.Policy.GAILPolicyEstimate.mean": {
            "value": 0.3483578559756279,
            "min": 0.28480454832315444,
            "max": 0.4595889610052109,
            "count": 40
        },
        "Planner.Policy.GAILPolicyEstimate.sum": {
            "value": 1.7417892798781396,
            "min": 1.1392181932926178,
            "max": 2.2979448050260545,
            "count": 40
        },
        "Planner.Policy.GAILExpertEstimate.mean": {
            "value": 0.679134894212087,
            "min": 0.5657775241136551,
            "max": 0.7234997327129047,
            "count": 40
        },
        "Planner.Policy.GAILExpertEstimate.sum": {
            "value": 3.3956744710604347,
            "min": 2.420449720416218,
            "max": 3.3960065484046935,
            "count": 40
        },
        "Planner.Losses.GAILLoss.mean": {
            "value": 0.9286067402362825,
            "min": 0.7781655294199784,
            "max": 1.2831609512368838,
            "count": 40
        },
        "Planner.Losses.GAILLoss.sum": {
            "value": 4.6430337011814125,
            "min": 3.1126621176799136,
            "max": 6.3304660399754855,
            "count": 40
        },
        "Planner.Policy.GAILGradMagLoss.mean": {
            "value": 0.03731081768249472,
            "min": 0.01702272161841393,
            "max": 4.874702675640583,
            "count": 40
        },
        "Planner.Policy.GAILGradMagLoss.sum": {
            "value": 0.1865540884124736,
            "min": 0.08511360809206964,
            "max": 19.49881070256233,
            "count": 40
        },
        "Planner.Losses.PretrainingLoss.mean": {
            "value": 0.01366724163575583,
            "min": 0.01366724163575583,
            "max": 0.7111481948226106,
            "count": 40
        },
        "Planner.Losses.PretrainingLoss.sum": {
            "value": 0.06833620817877915,
            "min": 0.05663016801882608,
            "max": 2.8445927792904424,
            "count": 40
        },
        "Planner.IsTraining.mean": {
            "value": 1.0,
            "min": 1.0,
            "max": 1.0,
            "count": 40
        },
        "Planner.IsTraining.sum": {
            "value": 1.0,
            "min": 1.0,
            "max": 1.0,
            "count": 40
        }
    },
    "metadata": {
        "timer_format_version": "0.1.0",
        "start_time_seconds": "1662725216",
        "python_version": "3.9.5 (tags/v3.9.5:0a7dcbd, May  3 2021, 17:27:52) [MSC v.1928 64 bit (AMD64)]",