{
    "name": "root",
    "gauges": {
        "Planner.Policy.Entropy.mean": {
            "value": -3.948683023452759,
            "min": -3.948683023452759,
            "max": 1.4189382791519165,
            "count": 294
        },
        "Planner.Policy.Entropy.sum": {
            "value": -39352.57421875,
            "min": -39567.21484375,
            "max": 14248.978515625,
            "count": 294
        },
        "Planner.Environment.LessonNumber.time.mean": {
            "value": 0.0,
            "min": 0.0,
            "max": 0.0,
            "count": 294
        },
        "Planner.Environment.LessonNumber.time.sum": {
            "value": 0.0,
            "min": 0.0,
            "max": 0.0,
            "count": 294
        },
        "Planner.Environment.EpisodeLength.mean": {
            "value": 3130.5,
            "min": 46.55924170616114,
            "max": 3300.3333333333335,
            "count": 294
        },
        "Planner.Environment.EpisodeLength.sum": {
            "value": 12522.0,
            "min": 7708.0,
            "max": 12808.0,
            "count": 294
        },
        "Planner.Step.mean": {
            "value": 2939949.0,
            "min": 9986.0,
            "max": 2939949.0,
            "count": 294
        },
        "Planner.Step.sum": {
            "value": 2939949.0,
            "min": 9986.0,
            "max": 2939949.0,
            "count": 294
        },
        "Planner.Policy.ExtrinsicValueEstimate.mean": {
            "value": 0.024941299110651016,
            "min": -10.745047569274902,
            "max": 0.14021939039230347,
            "count": 294
        },
        "Planner.Policy.ExtrinsicValueEstimate.sum": {
            "value": 3.9656665325164795,
            "min": -2256.4599609375,
            "max": 21.874225616455078,
            "count": 294
        },
        "Planner.Environment.CumulativeReward.mean": {
            "value": 0.12257506378227845,
            "min": -0.984008328687577,
            "max": 1.0850166504581769,
            "count": 294
        },
        "Planner.Environment.CumulativeReward.sum": {
            "value": 0.4903002551291138,
            "min": -206.64174902439117,
            "max": 4.179249990498647,
            "count": 294
        },
        "Planner.Policy.ExtrinsicReward.mean": {
            "value": 0.12257506378227845,
            "min": -0.984008328687577,
            "max": 1.0850166504581769,
            "count": 294
        },
        "Planner.Policy.ExtrinsicReward.sum": {
            "value": 0.4903002551291138,
            "min": -206.64174902439117,
            "max": 4.179249990498647,
            "count": 294
        },
        "Planner.IsTraining.mean": {
            "value": 1.0,
            "min": 1.0,
            "max": 1.0,
            "count": 294
        },
        "Planner.IsTraining.sum": {
            "value": 1.0,
            "min": 1.0,
            "max": 1.0,
            "count": 294
        },
        "Planner.Losses.PolicyLoss.mean": {
            "value": 0.13297388441860675,
            "min": 0.017772255208789525,
            "max": 0.2804343924547235,
            "count": 286
        },
        "Planner.Losses.PolicyLoss.sum": {
            "value": 0.13297388441860675,
            "min": 0.017772255208789525,
            "max": 0.2804343924547235,
            "count": 286
        },
        "Planner.Losses.ValueLoss.mean": {
            "value": 0.0006983539174446681,
            "min": 0.00011102136462189567,
            "max": 9.83118835290273,
            "count": 286
        },
        "Planner.Losses.ValueLoss.sum": {
            "value": 0.0006983539174446681,
            "min": 0.00011102136462189567,
            "max": 9.83118835290273,
            "count": 286
        },
        "Planner.Policy.LearningRate.mean": {
            "value": 0.0001327725734455,
            "min": 0.0001327725734455,
            "max": 0.000498716375256725,
            "count": 286
        },
        "Planner.Policy.LearningRate.sum": {
            "value": 0.0001327725734455,
            "min": 0.0001327725734455,
            "max": 0.000498716375256725,
            "count": 286
        },
        "Planner.Policy.Epsilon.mean": {
            "value": 0.13983174999999998,
            "min": 0.13983174999999998,
            "max": 0.24961491250000006,
            "count": 286
        },
        "Planner.Policy.Epsilon.sum": {
            "value": 0.13983174999999998,
            "min": 0.13983174999999998,
            "max": 0.24961491250000006,
            "count": 286
        },
        "Planner.Policy.Beta.mean": {
            "value": 0.00014011705000000003,
            "min": 0.00014011705000000003,
            "max": 0.0004987420475000001,
            "count": 286
        },
        "Planner.Policy.Beta.sum": {
            "value": 0.00014011705000000003,
            "min": 0.00014011705000000003,
            "max": 0.0004987420475000001,
            "count": 286
        },
        "Planner.Losses.PretrainingLoss.mean": {
            "value": 0.029346875225504238,
            "min": 0.02923962815354268,
            "max": 1.1005226079788473,
            "count": 286
        },
        "Planner.Losses.PretrainingLoss.sum": {
            "value": 0.029346875225504238,
            "min": 0.02923962815354268,
            "max": 1.1005226079788473,
            "count": 286
        }
    },
    "metadata": {
        "timer_format_version": "0.1.0",
        "start_time_seconds": "1658418631",
        "python_version": "3.9.13 (tags/v3.9.13:6de2ca5, May 17 2022, 16:36:42) [MSC v.1929 64 bit (AMD64)]",
        "command_line_arguments": "C:\\Users\\ATLASM2\\Desktop\\ChiaraFiles\\Chiara Cath\\venv\\Scripts\\mlagents-learn --run-id=curr_time_21_07_2 config\\curr_time\\AgentSoftEnv.yaml",
        "mlagents_version": "0.29.0",
        "mlagents_envs_version": "0.29.0",
        "communication_protocol_version": "1.5.0",
        "pytorch_version": "1.12.0+cpu",
        "numpy_version": "1.21.2",
        "end_time_seconds": "1658438499"
    },
    "total": 19868.4110482,
    "count": 1,
    "self": 0.00721239999984391,
    "children": {
        "run_training.setup": {
            "total": 0.11506799999999995,
            "count": 1,
            "self": 0.11506799999999995
        },
        "TrainerController.start_learning": {
            "total": 19868.2887678,
            "count": 1,
            "self": 170.5215061005074,
            "children": {
                "TrainerController._reset_env": {
                    "total": 27.134059399999998,
                    "count": 1,
                    "self": 7.889047599999998,
                    "children": {
                        "demo_to_buffer": {
                            "total": 19.2450118,
                            "count": 1,
                            "self": 0.0003294000000018116,
                            "children": {
                                "load_demonstration": {
                                    "total": 0.327252399999999,
                                    "count": 1,
                                    "self": 0.3057704000000001,
                                    "children": {
                                        "read_file": {
                                            "total": 0.02148199999999889,
                                            "count": 4,
                                            "self": 0.02148199999999889
                                        }
                                    }
                                },
                                "make_demo_buffer": {
                                    "total": 18.91743,
                                    "count": 1,
                                    "self": 2.5485389999997636,
                                    "children": {
                                        "steps_from_proto": {
                                            "total": 16.368891000000236,