{
    "name": "root",
    "gauges": {
        "Planner.Policy.Entropy.mean": {
            "value": -4.399698734283447,
            "min": -4.399698734283447,
            "max": 1.4189382791519165,
            "count": 400
        },
        "Planner.Policy.Entropy.sum": {
            "value": -43882.59375,
            "min": -44134.36328125,
            "max": 14217.76171875,
            "count": 400
        },
        "Planner.Environment.LessonNumber.time.mean": {
            "value": 0.0,
            "min": 0.0,
            "max": 0.0,
            "count": 400
        },
        "Planner.Environment.LessonNumber.time.sum": {
            "value": 0.0,
            "min": 0.0,
            "max": 0.0,
            "count": 400
        },
        "Planner.Step.mean": {
            "value": 3999973.0,
            "min": 9986.0,
            "max": 3999973.0,
            "count": 400
        },
        "Planner.Step.sum": {
            "value": 3999973.0,
            "min": 9986.0,
            "max": 3999973.0,
            "count": 400
        },
        "Planner.Policy.ExtrinsicValueEstimate.mean": {
            "value": 0.015802297741174698,
            "min": -0.068096823990345,
            "max": 12.119084358215332,
            "count": 400
        },
        "Planner.Policy.ExtrinsicValueEstimate.sum": {
            "value": 2.4809608459472656,
            "min": -10.82739543914795,
            "max": 2847.98486328125,
            "count": 400
        },
        "Planner.Environment.EpisodeLength.mean": {
            "value": 3195.6666666666665,
            "min": 83.91525423728814,
            "max": 4016.3333333333335,
            "count": 400
        },
        "Planner.Environment.EpisodeLength.sum": {
            "value": 9587.0,
            "min": 6433.0,
            "max": 13237.0,
            "count": 400
        },
        "Planner.Environment.CumulativeReward.mean": {
            "value": -0.08446658806254466,
            "min": -3.919699759067347,
            "max": 1.1218500051181763,
            "count": 400
        },
        "Planner.Environment.CumulativeReward.sum": {
            "value": -0.253399764187634,
            "min": -112.52749986760318,
            "max": 4.133650102186948,
            "count": 400
        },
        "Planner.Policy.ExtrinsicReward.mean": {
            "value": -0.08446658806254466,
            "min": -3.919699759067347,
            "max": 1.1218500051181763,
            "count": 400
        },
        "Planner.Policy.ExtrinsicReward.sum": {
            "value": -0.253399764187634,
            "min": -112.52749986760318,
            "max": 4.133650102186948,
            "count": 400
        },
        "Planner.IsTraining.mean": {
            "value": 1.0,
            "min": 1.0,
            "max": 1.0,
            "count": 400
        },
        "Planner.IsTraining.sum": {
            "value": 1.0,
            "min": 1.0,
            "max": 1.0,
            "count": 400
        },
        "Planner.Losses.PolicyLoss.mean": {
            "value": 0.026783398054734182,
            "min": 0.01479149836814031,
            "max": 0.2670020667215188,
            "count": 389
        },
        "Planner.Losses.PolicyLoss.sum": {
            "value": 0.026783398054734182,
            "min": 0.01479149836814031,
            "max": 0.2670020667215188,
            "count": 389
        },
        "Planner.Losses.ValueLoss.mean": {
            "value": 0.0003668295750685502,
            "min": 9.075468988157809e-05,
            "max": 11.109599033991495,
            "count": 389
        },
        "Planner.Losses.ValueLoss.sum": {
            "value": 0.0003668295750685502,
            "min": 9.075468988157809e-05,
            "max": 11.109599033991495,
            "count": 389
        },
        "Planner.Policy.LearningRate.mean": {
            "value": 5.295998941000162e-07,
            "min": 5.295998941000162e-07,
            "max": 0.0004987173752565249,
            "count": 389
        },
        "Planner.Policy.LearningRate.sum": {
            "value": 5.295998941000162e-07,
            "min": 5.295998941000162e-07,
            "max": 0.0004987173752565249,
            "count": 389
        },
        "Planner.Policy.Epsilon.mean": {
            "value": 0.10015885000000004,
            "min": 0.10015885000000004,
            "max": 0.24961521250000007,
            "count": 389
        },
        "Planner.Policy.Epsilon.sum": {
            "value": 0.10015885000000004,
            "min": 0.10015885000000004,
            "max": 0.24961521250000007,
            "count": 389
        },
        "Planner.Policy.Beta.mean": {
            "value": 1.0518910000000011e-05,
            "min": 1.0518910000000011e-05,
            "max": 0.0004987430275000001,
            "count": 389
        },
        "Planner.Policy.Beta.sum": {
            "value": 1.0518910000000011e-05,
            "min": 1.0518910000000011e-05,
            "max": 0.0004987430275000001,
            "count": 389
        },
        "Planner.Losses.PretrainingLoss.mean": {
            "value": 0.024645174711218312,
            "min": 0.024645174711218312,
            "max": 1.0317383983896837,
            "count": 389
        },
        "Planner.Losses.PretrainingLoss.sum": {
            "value": 0.024645174711218312,
            "min": 0.024645174711218312,
            "max": 1.0317383983896837,
            "count": 389
        }
    },
    "metadata": {
        "timer_format_version": "0.1.0",
        "start_time_seconds": "1658438588",
        "python_version": "3.9.13 (tags/v3.9.13:6de2ca5, May 17 2022, 16:36:42) [MSC v.1929 64 bit (AMD64)]",
        "command_line_arguments": "C:\\Users\\ATLASM2\\Desktop\\ChiaraFiles\\Chiara Cath\\venv\\Scripts\\mlagents-learn --run-id=curr_time_21_07_3 config\\curr_time\\AgentSoftEnv.yaml",
        "mlagents_version": "0.29.0",
        "mlagents_envs_version": "0.29.0",
        "communication_protocol_version": "1.5.0",
        "pytorch_version": "1.12.0+cpu",
        "numpy_version": "1.21.2",
        "end_time_seconds": "1658465046"
    },
    "total": 26457.446613199998,
    "count": 1,
    "self": 0.008619499996711966,
    "children": {
        "run_training.setup": {
            "total": 0.12336309999999995,
            "count": 1,
            "self": 0.12336309999999995
        },
        "TrainerController.start_learning": {
            "total": 26457.3146306,
            "count": 1,
            "self": 206.63999720068387,
            "children": {
                "TrainerController._reset_env": {
                    "total": 23.7073273,
                    "count": 1,
                    "self": 4.3791329999999995,
                    "children": {
                        "demo_to_buffer": {
                            "total": 19.3281943,
                            "count": 1,
                            "self": 0.00031750000000130285,
                            "children": {
                                "load_demonstration": {
                                    "total": 0.3520580000000004,
                                    "count": 1,
                                    "self": 0.3251274999999998,
                                    "children": {
                                        "read_file": {
                                            "total": 0.026930500000000634,
                                            "count": 4,
                                            "self": 0.026930500000000634
                                        }
                                    }
                                },
                                "make_demo_buffer": {
                                    "total": 18.9758188,
                                    "count": 1,
                                    "self": 2.517414400000373,