{
    "name": "root",
    "gauges": {
        "Planner.Policy.Entropy.mean": {
            "value": -6.044268608093262,
            "min": -6.044268608093262,
            "max": 1.2307846546173096,
            "count": 49
        },
        "Planner.Policy.Entropy.sum": {
            "value": -302116.71875,
            "min": -302116.71875,
            "max": 61616.7734375,
            "count": 49
        },
        "Planner.Environment.LessonNumber.pos.mean": {
            "value": 0.0,
            "min": 0.0,
            "max": 0.0,
            "count": 49
        },
        "Planner.Environment.LessonNumber.pos.sum": {
            "value": 0.0,
            "min": 0.0,
            "max": 0.0,
            "count": 49
        },
        "Planner.Step.mean": {
            "value": 2449946.0,
            "min": 49999.0,
            "max": 2449946.0,
            "count": 49
        },
        "Planner.Step.sum": {
            "value": 2449946.0,
            "min": 49999.0,
            "max": 2449946.0,
            "count": 49
        },
        "Planner.Policy.ExtrinsicValueEstimate.mean": {
            "value": -0.034240033477544785,
            "min": -5.72207498550415,
            "max": 0.13545268774032593,
            "count": 49
        },
        "Planner.Policy.ExtrinsicValueEstimate.sum": {
            "value": -27.220827102661133,
            "min": -4749.322265625,
            "max": 107.41398620605469,
            "count": 49
        },
        "Planner.Policy.GailValueEstimate.mean": {
            "value": 33.71484375,
            "min": 33.64716339111328,
            "max": 55.663360595703125,
            "count": 49
        },
        "Planner.Policy.GailValueEstimate.sum": {
            "value": 26803.30078125,
            "min": 26682.201171875,
            "max": 44029.71875,
            "count": 49
        },
        "Planner.Environment.EpisodeLength.mean": {
            "value": 2188.3333333333335,
            "min": 593.4642857142857,
            "max": 2886.0,
            "count": 49
        },
        "Planner.Environment.EpisodeLength.sum": {
            "value": 52520.0,
            "min": 47148.0,
            "max": 52771.0,
            "count": 49
        },
        "Planner.Environment.CumulativeReward.mean": {
            "value": -0.840667490507864,
            "min": -1.11607500432292,
            "max": -0.42607469796476993,
            "count": 49
        },
        "Planner.Environment.CumulativeReward.sum": {
            "value": -20.176019772188738,
            "min": -84.89704893863382,
            "max": -7.243269865401089,
            "count": 49
        },
        "Planner.Policy.ExtrinsicReward.mean": {
            "value": -0.2522002563685722,
            "min": -0.3348225083493162,
            "max": -0.12782242134049096,
            "count": 49
        },
        "Planner.Policy.ExtrinsicReward.sum": {
            "value": -6.052806152845733,
            "min": -25.469115795649486,
            "max": -2.1729811627883464,
            "count": 49
        },
        "Planner.Policy.GailReward.mean": {
            "value": 783.3421661878625,
            "min": 752.0228343215482,
            "max": 1485.625724978447,
            "count": 49
        },
        "Planner.Policy.GailReward.sum": {
            "value": 18800.2119885087,
            "min": 16015.26093174814,
            "max": 67075.22822856903,
            "count": 49
        },
        "Planner.Losses.PolicyLoss.mean": {
            "value": 0.17452966681371135,
            "min": 0.023362266776384786,
            "max": 0.180169577250878,
            "count": 49
        },
        "Planner.Losses.PolicyLoss.sum": {
            "value": 0.8726483340685567,
            "min": 0.11681133388192393,
            "max": 0.90084788625439,
            "count": 49
        },
        "Planner.Losses.ValueLoss.mean": {
            "value": 1.2879661519328753,
            "min": 0.5867567339042823,
            "max": 78.00134659409524,
            "count": 49
        },
        "Planner.Losses.ValueLoss.sum": {
            "value": 6.4398307596643765,
            "min": 2.9337836695214112,
            "max": 312.00538637638095,
            "count": 49
        },
        "Planner.Policy.LearningRate.mean": {
            "value": 0.00034848418030317,
            "min": 0.00034848418030317,
            "max": 0.0004983959065708186,
            "count": 49
        },
        "Planner.Policy.LearningRate.sum": {
            "value": 0.00174242090151585,
            "min": 0.0014311853012629622,
            "max": 0.0024775321294935753,
            "count": 49
        },
        "Planner.Policy.Epsilon.mean": {
            "value": 0.20454524499999996,
            "min": 0.20454524499999996,
            "max": 0.24951877187500002,
            "count": 49
        },
        "Planner.Policy.Epsilon.sum": {
            "value": 1.0227262249999998,
            "min": 0.8293555562500001,
            "max": 1.2432596375,
            "count": 49
        },
        "Planner.Policy.Beta.mean": {
            "value": 0.000351514467,
            "min": 0.000351514467,
            "max": 0.000498427988125,
            "count": 49
        },
        "Planner.Policy.Beta.sum": {
            "value": 0.0017575723350000002,
            "min": 0.0014425614837499997,
            "max": 0.0024779814825,
            "count": 49
        },
        "Planner.Policy.GAILPolicyEstimate.mean": {
            "value": 0.3882395172119141,
            "min": 0.3811235072215398,
            "max": 0.514845162431399,
            "count": 49
        },
        "Planner.Policy.GAILPolicyEstimate.sum": {
            "value": 1.9411975860595703,
            "min": 1.5286690314610798,
            "max": 2.574225812156995,
            "count": 49
        },
        "Planner.Policy.GAILExpertEstimate.mean": {
            "value": 0.5718590625127156,
            "min": 0.4702314880927279,
            "max": 0.5796011785666149,
            "count": 49
        },
        "Planner.Policy.GAILExpertEstimate.sum": {
            "value": 2.859295312563578,
            "min": 2.0580160468816757,
            "max": 2.898005892833074,
            "count": 49
        },
        "Planner.Losses.GAILLoss.mean": {
            "value": 1.0983031471570333,
            "min": 1.0812864518165588,
            "max": 3.8412983115514114,
            "count": 49
        },
        "Planner.Losses.GAILLoss.sum": {
            "value": 5.491515735785166,
            "min": 4.34918026526769,
            "max": 19.206491557757058,
            "count": 49
        },
        "Planner.Policy.GAILGradMagLoss.mean": {
            "value": 0.036890392526984214,
            "min": 0.0184739063680172,
            "max": 8.872924649715424,
            "count": 49
        },
        "Planner.Policy.GAILGradMagLoss.sum": {
            "value": 0.18445196263492106,
            "min": 0.09064856038118403,
            "max": 35.491698598861696,
            "count": 49
        },
        "Planner.Losses.PretrainingLoss.mean": {
            "value": 0.07980659732161319,
            "min": 0.06239016463588838,
            "max": 0.7761534001321009,
            "count": 49
        },
        "Planner.Losses.PretrainingLoss.sum": {
            "value": 0.39903298660806596,
            "min": 0.24956065854355353,
            "max": 3.1046136005284035,
            "count": 49
        },
        "Planner.IsTraining.mean": {
            "value": 1.0,
            "min": 1.0,
            "max": 1.0,
            "count": 49
        },
        "Planner.IsTraining.sum": {
            "value": 1.0,
            "min": 1.0,
            "max": 1.0,
            "count": 49
        }
    },
    "metadata": {
        "timer_format_version": "0.1.0",
        "start_time_seconds": "1662801565",
        "python_version": "3.9.13 (tags/v3.9.13:6de2ca5, May 17 2022, 16:36:42) [MSC v.1929 64 bit (AMD64)]",